,Instance,Size,Alpha_e,Capacity,Num_Drones,GAP,Runtime,NodeCount,ObjVal
0,0,5,True,20,1,0.8049197102993644,7200.571092605591,39105.0,114.6702775392574
