,Instance,Size,Alpha_e,Capacity,Num_Drones,GAP,Runtime,NodeCount,ObjVal,HeurTime,HeurVal
0,1,10,True,50,2,14.070743799209595,270.55101570463347,0.8377902936023526,3600.118616104126,1219.0,261.0887068698653
1,2,10,True,50,2,11.950737714767456,245.2478216767052,0.8050475772147171,3600.017967939377,1291.0,235.03714702693176
2,3,10,True,50,2,10.34774136543274,211.2478210344874,0.8107403802311118,3600.0162019729614,508.0,211.24194356315058
3,4,10,True,50,2,13.280856847763062,254.61161573359246,0.8000540491558906,3600.098706960678,828.0,254.5046134422162
