,Instance,Size,Alpha_e,Capacity,Num_Drones,GAP,Runtime,NodeCount,ObjVal,HeurTime,HeurVal
0,0,5,True,20,1,inf,15.60700798034668,0.0,175.12941337954004,19.46520495414734,175.12941337954004
1,1,5,True,20,1,inf,10.737878799438477,0.0,246.9766520100822,14.892879009246826,246.9766520100822
2,2,5,True,20,1,inf,10.152908325195312,0.0,149.82429725565447,13.162674188613892,149.82429725565447
3,3,5,True,20,1,,,,,,
4,4,5,True,20,1,inf,0.6655464172363281,0.0,180.9061028624386,5.089953899383545,180.9061028624386
