,Instance,Size,Alpha_e,Capacity,Num_Drones,GAP,Runtime,NodeCount,ObjVal,HeurTime,HeurVal
0,0,5,True,20,1,4.478992223739624,157.6429470728903,0.833466261851824,3600.1150381565094,2397.0,150.96872264115112
1,1,5,True,20,1,4.085367679595947,232.2016989613158,0.8679715756318434,3600.0389959812164,2349.0,223.04215290950887
2,2,5,True,20,1,5.939867734909058,159.18219330057224,0.8254724415126923,3600.007303953171,2882.0,159.0373044323634
