,Instance,Size,Alpha_e,Capacity,Num_Drones,GAP,Runtime,NodeCount,ObjVal,HeurTime,HeurVal
0,4,10,False,30,3,1.0,3600.0186970233917,2242.0,143.9407521242142,61.48905301094055,159.23518399989712
