,Instance,Size,Alpha_e,Capacity,Num_Drones,GAP,Runtime,NodeCount,ObjVal,HeurTime,HeurVal
0,3,5,True,20,1,0.832259542712362,3600.010483980179,2203.0,231.71185536919717,142.51800346374512,233.14552773683263
1,3,5,True,20,3,0.8702718664040722,3600.033915042877,1361.0,215.8090553399217,142.5086395740509,223.32465323986077
2,1,5,True,30,3,0.8691533609262434,3600.004625082016,2027.0,140.60143926010258,140.29658246040344,144.9935550471385
