,Instance,Size,Alpha_e,Capacity,Num_Drones,GAP,Runtime,NodeCount,ObjVal
0,0,5,True,20,1,0.85990862720437,7200.062313079834,1356.0,157.55206587337432
1,1,5,True,20,1,0.8991206790349638,11610.347255706787,1321.0,236.48931265098116
