,Instance,Size,Alpha_e,Capacity,Num_Drones,GAP,Runtime,NodeCount,ObjVal,HeurTime,HeurVal
0,0,10,True,50,3,0.814275902584995,3600.028132915497,698.0,244.80115881435947,287.0681748390198,244.82466517223943
1,1,10,False,20,3,1.0,3600.030529975891,2344.0,160.2865057756387,83.3382625579834,182.08395060437724
2,3,10,False,20,3,1.0,3600.0271458625793,2213.0,139.23543387197998,111.66162490844727,185.792269433524
